{"cameraMode":{"drawMode":0,"name":"Shaded","section":"Shading Mode"},"sceneLighting":true,"audioPlay":false,"sceneViewState":{"showFog":true,"showMaterialUpdate":true,"showSkybox":true,"showFlares":true,"showImageEffects":true,"showParticleSystems":true},"in2DMode":false,"pivot":{"x":-10.306072235107422,"y":-41.135467529296878,"z":2.9582977294921877},"rotation":{"x":0.5837820768356323,"y":0.006089078728109598,"z":-0.004378597252070904,"w":0.8118780851364136},"size":369.7308654785156,"orthographic":false}