{"cameraMode":{"drawMode":0,"name":"Shaded","section":"Shading Mode"},"sceneLighting":true,"audioPlay":false,"sceneViewState":{"showFog":true,"showMaterialUpdate":true,"showSkybox":true,"showFlares":true,"showImageEffects":true,"showParticleSystems":true},"in2DMode":false,"pivot":{"x":19.935745239257814,"y":177.56805419921876,"z":-45.88610076904297},"rotation":{"x":0.45722392201423647,"y":-0.009337753057479859,"z":0.004801065661013126,"w":0.8892940878868103},"size":111.43521881103516,"orthographic":false}