{"cameraMode":{"drawMode":0,"name":"Shaded","section":"Shading Mode"},"sceneLighting":true,"audioPlay":false,"sceneViewState":{"showFog":true,"showMaterialUpdate":true,"showSkybox":true,"showFlares":true,"showImageEffects":true,"showParticleSystems":true},"in2DMode":false,"pivot":{"x":26.528553009033204,"y":-63.79911804199219,"z":-65.08360290527344},"rotation":{"x":0.5837820768356323,"y":0.006089078728109598,"z":-0.004378597252070904,"w":0.8118780851364136},"size":336.7156066894531,"orthographic":false}