{"cameraMode":{"drawMode":0,"name":"Shaded","section":"Shading Mode"},"sceneLighting":true,"audioPlay":false,"sceneViewState":{"showFog":true,"showMaterialUpdate":true,"showSkybox":true,"showFlares":true,"showImageEffects":true,"showParticleSystems":true},"in2DMode":false,"pivot":{"x":180.2776641845703,"y":-0.6745758056640625,"z":120.5930404663086},"rotation":{"x":0.5837820768356323,"y":0.006089078728109598,"z":-0.004378597252070904,"w":0.8118780851364136},"size":62.490047454833987,"orthographic":false}