{"cameraMode":{"drawMode":0,"name":"Shaded","section":"Shading Mode"},"sceneLighting":true,"audioPlay":false,"sceneViewState":{"showFog":true,"showMaterialUpdate":true,"showSkybox":true,"showFlares":true,"showImageEffects":true,"showParticleSystems":true},"in2DMode":false,"pivot":{"x":-31.05093765258789,"y":137.19363403320313,"z":-1.6324787139892579},"rotation":{"x":0.6678369641304016,"y":-0.011163024231791497,"z":0.010018456727266312,"w":0.7441593408584595},"size":144.57188415527345,"orthographic":false}